{"cameraMode":{"drawMode":0,"name":"Shaded","section":"Shading Mode"},"sceneLighting":true,"audioPlay":false,"sceneViewState":{"m_AlwaysRefresh":false,"showFog":true,"showSkybox":true,"showFlares":true,"showImageEffects":true,"showParticleSystems":true,"showVisualEffectGraphs":true,"m_FxEnabled":true},"in2DMode":false,"pivot":{"x":-2.3878791332244875,"y":0.8602192997932434,"z":-1.5880931615829468},"rotation":{"x":0.003285822691395879,"y":-0.771932065486908,"z":-0.004667287692427635,"w":-0.6358832716941834},"size":0.13167743384838105,"orthographic":false}